model,accuracy,f1_macro
MLP,0.9090909090909091,0.9107142857142857
DecisionTree,0.9090909090909091,0.9079365079365079
RandomForest,0.9090909090909091,0.9079365079365079
SVM,0.8181818181818182,0.8175213675213676
KNN,0.8181818181818182,0.8147435897435898
